StepID,OptionID,SubOptionID,AnswerText,NeedsCircular,CircularID,Active
S6,O_S6_Y,,RA applicable as per HO circular. Follow RA steps A–D.,Yes,C_RA_2023,Yes
S6,O_S6_N,,RA not applicable due to category/value band per circular.,Yes,C_RA_2023,Yes
S3,O_S3_Y,,Use Tender Mitra standard template (ID/version).,Yes,C_TM_2025,Yes
S3,O_S3_N,,Checklist for non-standard draft; ensure mandatory clauses.,No,,Yes
S7,O_S7_Single,,Single tender needs justification per DOA.,Yes,C_DOA_2024,Yes
S8,O_S8_Trans,SO_Trans_RouteA,Use transport route A terms & caps as per schedule.,No,,Yes
