OptionID,StepID,OptionLabel,Order,Active
O_S1_Goods,S1,Goods,1,Yes
O_S1_Service,S1,Service,2,Yes
O_S1_Works,S1,Works,3,Yes
O_S2_V1,S2,< 100 Cr,1,Yes
O_S2_V2,S2,100–200 Lakhs,2,Yes
O_S2_V3,S2,> 1000 Lakhs,3,Yes
O_S3_Y,S3,Yes,1,Yes
O_S3_N,S3,No,2,Yes
O_S4_GeM,S4,GeM portal,1,Yes
O_S4_IOCL,S4,IOCL e-tender portal,2,Yes
O_S5_Y,S5,Yes,1,Yes
O_S5_N,S5,No,2,Yes
O_S6_Y,S6,Yes,1,Yes
O_S6_N,S6,No,2,Yes
O_S7_PT,S7,PT,1,Yes
O_S7_LT,S7,LT,2,Yes
O_S7_Single,S7,Single,3,Yes
O_S8_Trans,S8,Transportation,1,Yes
O_S8_Capex,S8,Capex,2,Yes
O_S8_Emp,S8,Empanelment,3,Yes
