RuleID,ConditionExpr,OutcomeText,CircularID,Severity,Active
R1,'TenderValue == "100–200 Lakhs" and Portal == "GeM portal"','PT permitted; follow GeM timelines & RA guidance.',C_RA_2023,Info,Yes
R2,'TypeOfWork == "Service" and Category == "Single"','Single (service) needs strong justification per DOA.',C_DOA_2024,Warn,Yes
R3,'StandardTemplate == "No"','Non-standard draft: ensure all mandatory clauses (use checklist).',C_TM_2025,Warn,Yes
R4,'TenderValue == "> 1000 Lakhs"','Committee of 3 members + IP Agreement may be required; verify.',,Warn,Yes
